base_asin,marketplace,filename,source_path
B00NUS5GXA,A1F83G8C2ARO7P,B00NUS5GXA_A1F83G8C2ARO7P.png,/content/abo_500_annot_pack_extracted/abo_500_annot_pack/panels/B00NUS5GXA_A1F83G8C2ARO7P.png
B01LR5SIRI,ATVPDKIKX0DER,B01LR5SIRI_ATVPDKIKX0DER.png,/content/abo_500_annot_pack_extracted/abo_500_annot_pack/panels/B01LR5SIRI_ATVPDKIKX0DER.png
B01LR5SM74,ATVPDKIKX0DER,B01LR5SM74_ATVPDKIKX0DER.png,/content/abo_500_annot_pack_extracted/abo_500_annot_pack/panels/B01LR5SM74_ATVPDKIKX0DER.png
B07124WCKT,ATVPDKIKX0DER,B07124WCKT_ATVPDKIKX0DER.png,/content/abo_500_annot_pack_extracted/abo_500_annot_pack/panels/B07124WCKT_ATVPDKIKX0DER.png
B07124WMX5,ATVPDKIKX0DER,B07124WMX5_ATVPDKIKX0DER.png,/content/abo_500_annot_pack_extracted/abo_500_annot_pack/panels/B07124WMX5_ATVPDKIKX0DER.png
B071FJR4FW,ATVPDKIKX0DER,B071FJR4FW_ATVPDKIKX0DER.png,/content/abo_500_annot_pack_extracted/abo_500_annot_pack/panels/B071FJR4FW_ATVPDKIKX0DER.png
B071WSFSGC,ATVPDKIKX0DER,B071WSFSGC_ATVPDKIKX0DER.png,/content/abo_500_annot_pack_extracted/abo_500_annot_pack/panels/B071WSFSGC_ATVPDKIKX0DER.png
B0723DD7Z6,,B0723DD7Z6.png,/content/abo_500_annot_pack_extracted/abo_500_annot_pack/panels/B0723DD7Z6.png
B0727Q5F94,ATVPDKIKX0DER,B0727Q5F94_ATVPDKIKX0DER.png,/content/abo_500_annot_pack_extracted/abo_500_annot_pack/panels/B0727Q5F94_ATVPDKIKX0DER.png
B073WGP8XN,,B073WGP8XN.png,/content/abo_500_annot_pack_extracted/abo_500_annot_pack/panels/B073WGP8XN.png
B073WHZKBF,,B073WHZKBF.png,/content/abo_500_annot_pack_extracted/abo_500_annot_pack/panels/B073WHZKBF.png
B074DZ6NJB,ATVPDKIKX0DER,B074DZ6NJB_ATVPDKIKX0DER.png,/content/abo_500_annot_pack_extracted/abo_500_annot_pack/panels/B074DZ6NJB_ATVPDKIKX0DER.png
B074DZHYS6,ATVPDKIKX0DER,B074DZHYS6_ATVPDKIKX0DER.png,/content/abo_500_annot_pack_extracted/abo_500_annot_pack/panels/B074DZHYS6_ATVPDKIKX0DER.png
B074DZNJ3T,ATVPDKIKX0DER,B074DZNJ3T_ATVPDKIKX0DER.png,/content/abo_500_annot_pack_extracted/abo_500_annot_pack/panels/B074DZNJ3T_ATVPDKIKX0DER.png
B0753P16BL,ATVPDKIKX0DER,B0753P16BL_ATVPDKIKX0DER.png,/content/abo_500_annot_pack_extracted/abo_500_annot_pack/panels/B0753P16BL_ATVPDKIKX0DER.png
B075HR7LD2,ATVPDKIKX0DER,B075HR7LD2_ATVPDKIKX0DER.png,/content/abo_500_annot_pack_extracted/abo_500_annot_pack/panels/B075HR7LD2_ATVPDKIKX0DER.png
B075HWDS7Y,ATVPDKIKX0DER,B075HWDS7Y_ATVPDKIKX0DER.png,/content/abo_500_annot_pack_extracted/abo_500_annot_pack/panels/B075HWDS7Y_ATVPDKIKX0DER.png
B075HWDSDK,ATVPDKIKX0DER,B075HWDSDK_ATVPDKIKX0DER.png,/content/abo_500_annot_pack_extracted/abo_500_annot_pack/panels/B075HWDSDK_ATVPDKIKX0DER.png
B075HWK9QT,ATVPDKIKX0DER,B075HWK9QT_ATVPDKIKX0DER.png,/content/abo_500_annot_pack_extracted/abo_500_annot_pack/panels/B075HWK9QT_ATVPDKIKX0DER.png
B075HX2J97,,B075HX2J97.png,/content/abo_500_annot_pack_extracted/abo_500_annot_pack/panels/B075HX2J97.png
B075HXQJYH,ATVPDKIKX0DER,B075HXQJYH_ATVPDKIKX0DER.png,/content/abo_500_annot_pack_extracted/abo_500_annot_pack/panels/B075HXQJYH_ATVPDKIKX0DER.png
B075QDV397,ATVPDKIKX0DER,B075QDV397_ATVPDKIKX0DER.png,/content/abo_500_annot_pack_extracted/abo_500_annot_pack/panels/B075QDV397_ATVPDKIKX0DER.png
B075X1TB14,ATVPDKIKX0DER,B075X1TB14_ATVPDKIKX0DER.png,/content/abo_500_annot_pack_extracted/abo_500_annot_pack/panels/B075X1TB14_ATVPDKIKX0DER.png
B075X2LKPV,,B075X2LKPV.png,/content/abo_500_annot_pack_extracted/abo_500_annot_pack/panels/B075X2LKPV.png
B075X463J2,ATVPDKIKX0DER,B075X463J2_ATVPDKIKX0DER.png,/content/abo_500_annot_pack_extracted/abo_500_annot_pack/panels/B075X463J2_ATVPDKIKX0DER.png
B075X4J15G,ATVPDKIKX0DER,B075X4J15G_ATVPDKIKX0DER.png,/content/abo_500_annot_pack_extracted/abo_500_annot_pack/panels/B075X4J15G_ATVPDKIKX0DER.png
B075X4WBNH,ATVPDKIKX0DER,B075X4WBNH_ATVPDKIKX0DER.png,/content/abo_500_annot_pack_extracted/abo_500_annot_pack/panels/B075X4WBNH_ATVPDKIKX0DER.png
B075X5HB29,ATVPDKIKX0DER,B075X5HB29_ATVPDKIKX0DER.png,/content/abo_500_annot_pack_extracted/abo_500_annot_pack/panels/B075X5HB29_ATVPDKIKX0DER.png
B075X5HB6G,ATVPDKIKX0DER,B075X5HB6G_ATVPDKIKX0DER.png,/content/abo_500_annot_pack_extracted/abo_500_annot_pack/panels/B075X5HB6G_ATVPDKIKX0DER.png
B075X5TN2K,ATVPDKIKX0DER,B075X5TN2K_ATVPDKIKX0DER.png,/content/abo_500_annot_pack_extracted/abo_500_annot_pack/panels/B075X5TN2K_ATVPDKIKX0DER.png
B075YM7Q9M,,B075YM7Q9M.png,/content/abo_500_annot_pack_extracted/abo_500_annot_pack/panels/B075YM7Q9M.png
B075YQXRBS,ATVPDKIKX0DER,B075YQXRBS_ATVPDKIKX0DER.png,/content/abo_500_annot_pack_extracted/abo_500_annot_pack/panels/B075YQXRBS_ATVPDKIKX0DER.png
B075YZPG5Y,ATVPDKIKX0DER,B075YZPG5Y_ATVPDKIKX0DER.png,/content/abo_500_annot_pack_extracted/abo_500_annot_pack/panels/B075YZPG5Y_ATVPDKIKX0DER.png
B075Z93NHP,ATVPDKIKX0DER,B075Z93NHP_ATVPDKIKX0DER.png,/content/abo_500_annot_pack_extracted/abo_500_annot_pack/panels/B075Z93NHP_ATVPDKIKX0DER.png
B0772KHYF7,,B0772KHYF7.png,/content/abo_500_annot_pack_extracted/abo_500_annot_pack/panels/B0772KHYF7.png
B078JG4N1G,ATVPDKIKX0DER,B078JG4N1G_ATVPDKIKX0DER.png,/content/abo_500_annot_pack_extracted/abo_500_annot_pack/panels/B078JG4N1G_ATVPDKIKX0DER.png
B078JMJC49,ATVPDKIKX0DER,B078JMJC49_ATVPDKIKX0DER.png,/content/abo_500_annot_pack_extracted/abo_500_annot_pack/panels/B078JMJC49_ATVPDKIKX0DER.png
B079V7XFKW,,B079V7XFKW.png,/content/abo_500_annot_pack_extracted/abo_500_annot_pack/panels/B079V7XFKW.png
B079VPLVH5,A1F83G8C2ARO7P,B079VPLVH5_A1F83G8C2ARO7P.png,/content/abo_500_annot_pack_extracted/abo_500_annot_pack/panels/B079VPLVH5_A1F83G8C2ARO7P.png
B07B4FZXL1,ATVPDKIKX0DER,B07B4FZXL1_ATVPDKIKX0DER.png,/content/abo_500_annot_pack_extracted/abo_500_annot_pack/panels/B07B4FZXL1_ATVPDKIKX0DER.png
B07B4G612M,ATVPDKIKX0DER,B07B4G612M_ATVPDKIKX0DER.png,/content/abo_500_annot_pack_extracted/abo_500_annot_pack/panels/B07B4G612M_ATVPDKIKX0DER.png
B07B4MRLT8,ATVPDKIKX0DER,B07B4MRLT8_ATVPDKIKX0DER.png,/content/abo_500_annot_pack_extracted/abo_500_annot_pack/panels/B07B4MRLT8_ATVPDKIKX0DER.png
B07B4SC7DG,ATVPDKIKX0DER,B07B4SC7DG_ATVPDKIKX0DER.png,/content/abo_500_annot_pack_extracted/abo_500_annot_pack/panels/B07B4SC7DG_ATVPDKIKX0DER.png
B07B4SF24F,,B07B4SF24F.png,/content/abo_500_annot_pack_extracted/abo_500_annot_pack/panels/B07B4SF24F.png
B07B4SMR2G,,B07B4SMR2G.png,/content/abo_500_annot_pack_extracted/abo_500_annot_pack/panels/B07B4SMR2G.png
B07B4VY11Z,ATVPDKIKX0DER,B07B4VY11Z_ATVPDKIKX0DER.png,/content/abo_500_annot_pack_extracted/abo_500_annot_pack/panels/B07B4VY11Z_ATVPDKIKX0DER.png
B07B4W2MFM,ATVPDKIKX0DER,B07B4W2MFM_ATVPDKIKX0DER.png,/content/abo_500_annot_pack_extracted/abo_500_annot_pack/panels/B07B4W2MFM_ATVPDKIKX0DER.png
B07B4Y45GY,ATVPDKIKX0DER,B07B4Y45GY_ATVPDKIKX0DER.png,/content/abo_500_annot_pack_extracted/abo_500_annot_pack/panels/B07B4Y45GY_ATVPDKIKX0DER.png
B07B4YXRL6,ATVPDKIKX0DER,B07B4YXRL6_ATVPDKIKX0DER.png,/content/abo_500_annot_pack_extracted/abo_500_annot_pack/panels/B07B4YXRL6_ATVPDKIKX0DER.png
B07B4YXRLC,ATVPDKIKX0DER,B07B4YXRLC_ATVPDKIKX0DER.png,/content/abo_500_annot_pack_extracted/abo_500_annot_pack/panels/B07B4YXRLC_ATVPDKIKX0DER.png
B07B4Z2WDQ,ATVPDKIKX0DER,B07B4Z2WDQ_ATVPDKIKX0DER.png,/content/abo_500_annot_pack_extracted/abo_500_annot_pack/panels/B07B4Z2WDQ_ATVPDKIKX0DER.png
B07B4Z6JZ4,,B07B4Z6JZ4.png,/content/abo_500_annot_pack_extracted/abo_500_annot_pack/panels/B07B4Z6JZ4.png
B07B4Z6PXF,ATVPDKIKX0DER,B07B4Z6PXF_ATVPDKIKX0DER.png,/content/abo_500_annot_pack_extracted/abo_500_annot_pack/panels/B07B4Z6PXF_ATVPDKIKX0DER.png
B07B4Z7XVD,ATVPDKIKX0DER,B07B4Z7XVD_ATVPDKIKX0DER.png,/content/abo_500_annot_pack_extracted/abo_500_annot_pack/panels/B07B4Z7XVD_ATVPDKIKX0DER.png
B07B4ZFC5H,ATVPDKIKX0DER,B07B4ZFC5H_ATVPDKIKX0DER.png,/content/abo_500_annot_pack_extracted/abo_500_annot_pack/panels/B07B4ZFC5H_ATVPDKIKX0DER.png
B07B8F6V9M,ATVPDKIKX0DER,B07B8F6V9M_ATVPDKIKX0DER.png,/content/abo_500_annot_pack_extracted/abo_500_annot_pack/panels/B07B8F6V9M_ATVPDKIKX0DER.png
B07B8NZQ68,ATVPDKIKX0DER,B07B8NZQ68_ATVPDKIKX0DER.png,/content/abo_500_annot_pack_extracted/abo_500_annot_pack/panels/B07B8NZQ68_ATVPDKIKX0DER.png
B07BW8PYZ9,ATVPDKIKX0DER,B07BW8PYZ9_ATVPDKIKX0DER.png,/content/abo_500_annot_pack_extracted/abo_500_annot_pack/panels/B07BW8PYZ9_ATVPDKIKX0DER.png
B07DB9638P,ATVPDKIKX0DER,B07DB9638P_ATVPDKIKX0DER.png,/content/abo_500_annot_pack_extracted/abo_500_annot_pack/panels/B07DB9638P_ATVPDKIKX0DER.png
B07DBDX15Y,ATVPDKIKX0DER,B07DBDX15Y_ATVPDKIKX0DER.png,/content/abo_500_annot_pack_extracted/abo_500_annot_pack/panels/B07DBDX15Y_ATVPDKIKX0DER.png
B07DMGM9T6,,B07DMGM9T6.png,/content/abo_500_annot_pack_extracted/abo_500_annot_pack/panels/B07DMGM9T6.png
B07GFFQZQ1,A1F83G8C2ARO7P,B07GFFQZQ1_A1F83G8C2ARO7P.png,/content/abo_500_annot_pack_extracted/abo_500_annot_pack/panels/B07GFFQZQ1_A1F83G8C2ARO7P.png
B07GFL8FCV,A13V1IB3VIYZZH,B07GFL8FCV_A13V1IB3VIYZZH.png,/content/abo_500_annot_pack_extracted/abo_500_annot_pack/panels/B07GFL8FCV_A13V1IB3VIYZZH.png
B07GFS1W12,A1PA6795UKMFR9,B07GFS1W12_A1PA6795UKMFR9.png,/content/abo_500_annot_pack_extracted/abo_500_annot_pack/panels/B07GFS1W12_A1PA6795UKMFR9.png
B07H8JWNQH,APJ6JRA9NG5V4,B07H8JWNQH_APJ6JRA9NG5V4.png,/content/abo_500_annot_pack_extracted/abo_500_annot_pack/panels/B07H8JWNQH_APJ6JRA9NG5V4.png
B07H8PWFDF,A1F83G8C2ARO7P,B07H8PWFDF_A1F83G8C2ARO7P.png,/content/abo_500_annot_pack_extracted/abo_500_annot_pack/panels/B07H8PWFDF_A1F83G8C2ARO7P.png
B07H8SSY4F,A1F83G8C2ARO7P,B07H8SSY4F_A1F83G8C2ARO7P.png,/content/abo_500_annot_pack_extracted/abo_500_annot_pack/panels/B07H8SSY4F_A1F83G8C2ARO7P.png
B07H8T5XPT,A1PA6795UKMFR9,B07H8T5XPT_A1PA6795UKMFR9.png,/content/abo_500_annot_pack_extracted/abo_500_annot_pack/panels/B07H8T5XPT_A1PA6795UKMFR9.png
B07H8VCM68,A1RKKUPIHCS9HS,B07H8VCM68_A1RKKUPIHCS9HS.png,/content/abo_500_annot_pack_extracted/abo_500_annot_pack/panels/B07H8VCM68_A1RKKUPIHCS9HS.png
B07HK8YJ69,ATVPDKIKX0DER,B07HK8YJ69_ATVPDKIKX0DER.png,/content/abo_500_annot_pack_extracted/abo_500_annot_pack/panels/B07HK8YJ69_ATVPDKIKX0DER.png
B07HKGL3J8,ATVPDKIKX0DER,B07HKGL3J8_ATVPDKIKX0DER.png,/content/abo_500_annot_pack_extracted/abo_500_annot_pack/panels/B07HKGL3J8_ATVPDKIKX0DER.png
B07HPQYW7G,A1F83G8C2ARO7P,B07HPQYW7G_A1F83G8C2ARO7P.png,/content/abo_500_annot_pack_extracted/abo_500_annot_pack/panels/B07HPQYW7G_A1F83G8C2ARO7P.png
B07HSHYZKN,ATVPDKIKX0DER,B07HSHYZKN_ATVPDKIKX0DER.png,/content/abo_500_annot_pack_extracted/abo_500_annot_pack/panels/B07HSHYZKN_ATVPDKIKX0DER.png
B07HSKY884,ATVPDKIKX0DER,B07HSKY884_ATVPDKIKX0DER.png,/content/abo_500_annot_pack_extracted/abo_500_annot_pack/panels/B07HSKY884_ATVPDKIKX0DER.png
B07HSLVMP2,ATVPDKIKX0DER,B07HSLVMP2_ATVPDKIKX0DER.png,/content/abo_500_annot_pack_extracted/abo_500_annot_pack/panels/B07HSLVMP2_ATVPDKIKX0DER.png
B07HZ6YX5Q,ATVPDKIKX0DER,B07HZ6YX5Q_ATVPDKIKX0DER.png,/content/abo_500_annot_pack_extracted/abo_500_annot_pack/panels/B07HZ6YX5Q_ATVPDKIKX0DER.png
B07K6RH9HS,A1PA6795UKMFR9,B07K6RH9HS_A1PA6795UKMFR9.png,/content/abo_500_annot_pack_extracted/abo_500_annot_pack/panels/B07K6RH9HS_A1PA6795UKMFR9.png
B07K7NSKQ3,A1RKKUPIHCS9HS,B07K7NSKQ3_A1RKKUPIHCS9HS.png,/content/abo_500_annot_pack_extracted/abo_500_annot_pack/panels/B07K7NSKQ3_A1RKKUPIHCS9HS.png
B07K8193NL,A13V1IB3VIYZZH,B07K8193NL_A13V1IB3VIYZZH.png,/content/abo_500_annot_pack_extracted/abo_500_annot_pack/panels/B07K8193NL_A13V1IB3VIYZZH.png
B07LC84ZYV,A21TJRUUN4KGV,B07LC84ZYV_A21TJRUUN4KGV.png,/content/abo_500_annot_pack_extracted/abo_500_annot_pack/panels/B07LC84ZYV_A21TJRUUN4KGV.png
B07MF1SRM6,ATVPDKIKX0DER,B07MF1SRM6_ATVPDKIKX0DER.png,/content/abo_500_annot_pack_extracted/abo_500_annot_pack/panels/B07MF1SRM6_ATVPDKIKX0DER.png
B07MHMJCZN,ATVPDKIKX0DER,B07MHMJCZN_ATVPDKIKX0DER.png,/content/abo_500_annot_pack_extracted/abo_500_annot_pack/panels/B07MHMJCZN_ATVPDKIKX0DER.png
B07MQD17DM,ATVPDKIKX0DER,B07MQD17DM_ATVPDKIKX0DER.png,/content/abo_500_annot_pack_extracted/abo_500_annot_pack/panels/B07MQD17DM_ATVPDKIKX0DER.png
B07N6Q9JB1,ATVPDKIKX0DER,B07N6Q9JB1_ATVPDKIKX0DER.png,/content/abo_500_annot_pack_extracted/abo_500_annot_pack/panels/B07N6Q9JB1_ATVPDKIKX0DER.png
B07N6RT9SM,ATVPDKIKX0DER,B07N6RT9SM_ATVPDKIKX0DER.png,/content/abo_500_annot_pack_extracted/abo_500_annot_pack/panels/B07N6RT9SM_ATVPDKIKX0DER.png
B07N6RTLP7,ATVPDKIKX0DER,B07N6RTLP7_ATVPDKIKX0DER.png,/content/abo_500_annot_pack_extracted/abo_500_annot_pack/panels/B07N6RTLP7_ATVPDKIKX0DER.png
B07P8STD74,ATVPDKIKX0DER,B07P8STD74_ATVPDKIKX0DER.png,/content/abo_500_annot_pack_extracted/abo_500_annot_pack/panels/B07P8STD74_ATVPDKIKX0DER.png
B07QBMQ737,ATVPDKIKX0DER,B07QBMQ737_ATVPDKIKX0DER.png,/content/abo_500_annot_pack_extracted/abo_500_annot_pack/panels/B07QBMQ737_ATVPDKIKX0DER.png
B07QBQD97R,ATVPDKIKX0DER,B07QBQD97R_ATVPDKIKX0DER.png,/content/abo_500_annot_pack_extracted/abo_500_annot_pack/panels/B07QBQD97R_ATVPDKIKX0DER.png
B07QBQD983,ATVPDKIKX0DER,B07QBQD983_ATVPDKIKX0DER.png,/content/abo_500_annot_pack_extracted/abo_500_annot_pack/panels/B07QBQD983_ATVPDKIKX0DER.png
B07QBQDGJ7,ATVPDKIKX0DER,B07QBQDGJ7_ATVPDKIKX0DER.png,/content/abo_500_annot_pack_extracted/abo_500_annot_pack/panels/B07QBQDGJ7_ATVPDKIKX0DER.png
B07QC8CFCY,ATVPDKIKX0DER,B07QC8CFCY_ATVPDKIKX0DER.png,/content/abo_500_annot_pack_extracted/abo_500_annot_pack/panels/B07QC8CFCY_ATVPDKIKX0DER.png
B07QF9Y234,ATVPDKIKX0DER,B07QF9Y234_ATVPDKIKX0DER.png,/content/abo_500_annot_pack_extracted/abo_500_annot_pack/panels/B07QF9Y234_ATVPDKIKX0DER.png
B07QFB5MW6,ATVPDKIKX0DER,B07QFB5MW6_ATVPDKIKX0DER.png,/content/abo_500_annot_pack_extracted/abo_500_annot_pack/panels/B07QFB5MW6_ATVPDKIKX0DER.png
B07QFP4PV5,ATVPDKIKX0DER,B07QFP4PV5_ATVPDKIKX0DER.png,/content/abo_500_annot_pack_extracted/abo_500_annot_pack/panels/B07QFP4PV5_ATVPDKIKX0DER.png
B07QGG6BJY,ATVPDKIKX0DER,B07QGG6BJY_ATVPDKIKX0DER.png,/content/abo_500_annot_pack_extracted/abo_500_annot_pack/panels/B07QGG6BJY_ATVPDKIKX0DER.png
B07QHYD94M,ATVPDKIKX0DER,B07QHYD94M_ATVPDKIKX0DER.png,/content/abo_500_annot_pack_extracted/abo_500_annot_pack/panels/B07QHYD94M_ATVPDKIKX0DER.png
B07QJ23K4C,ATVPDKIKX0DER,B07QJ23K4C_ATVPDKIKX0DER.png,/content/abo_500_annot_pack_extracted/abo_500_annot_pack/panels/B07QJ23K4C_ATVPDKIKX0DER.png
B07QJL73XD,ATVPDKIKX0DER,B07QJL73XD_ATVPDKIKX0DER.png,/content/abo_500_annot_pack_extracted/abo_500_annot_pack/panels/B07QJL73XD_ATVPDKIKX0DER.png
B07QV194QK,A1F83G8C2ARO7P,B07QV194QK_A1F83G8C2ARO7P.png,/content/abo_500_annot_pack_extracted/abo_500_annot_pack/panels/B07QV194QK_A1F83G8C2ARO7P.png
B07QWC7NYS,ATVPDKIKX0DER,B07QWC7NYS_ATVPDKIKX0DER.png,/content/abo_500_annot_pack_extracted/abo_500_annot_pack/panels/B07QWC7NYS_ATVPDKIKX0DER.png
B07SRSJ5G3,,B07SRSJ5G3.png,/content/abo_500_annot_pack_extracted/abo_500_annot_pack/panels/B07SRSJ5G3.png
B07SRSJMZK,,B07SRSJMZK.png,/content/abo_500_annot_pack_extracted/abo_500_annot_pack/panels/B07SRSJMZK.png
B07SSSBKPQ,,B07SSSBKPQ.png,/content/abo_500_annot_pack_extracted/abo_500_annot_pack/panels/B07SSSBKPQ.png
B07SVY2C6F,,B07SVY2C6F.png,/content/abo_500_annot_pack_extracted/abo_500_annot_pack/panels/B07SVY2C6F.png
B07SX37TCM,,B07SX37TCM.png,/content/abo_500_annot_pack_extracted/abo_500_annot_pack/panels/B07SX37TCM.png
B07SX38JWP,,B07SX38JWP.png,/content/abo_500_annot_pack_extracted/abo_500_annot_pack/panels/B07SX38JWP.png
B07SY1TX76,,B07SY1TX76.png,/content/abo_500_annot_pack_extracted/abo_500_annot_pack/panels/B07SY1TX76.png
B07SY36LZ3,,B07SY36LZ3.png,/content/abo_500_annot_pack_extracted/abo_500_annot_pack/panels/B07SY36LZ3.png
B07T9FMMV5,ATVPDKIKX0DER,B07T9FMMV5_ATVPDKIKX0DER.png,/content/abo_500_annot_pack_extracted/abo_500_annot_pack/panels/B07T9FMMV5_ATVPDKIKX0DER.png
B07T9FMSSP,ATVPDKIKX0DER,B07T9FMSSP_ATVPDKIKX0DER.png,/content/abo_500_annot_pack_extracted/abo_500_annot_pack/panels/B07T9FMSSP_ATVPDKIKX0DER.png
B07TBGH48M,ATVPDKIKX0DER,B07TBGH48M_ATVPDKIKX0DER.png,/content/abo_500_annot_pack_extracted/abo_500_annot_pack/panels/B07TBGH48M_ATVPDKIKX0DER.png
B07TDMJPWG,ATVPDKIKX0DER,B07TDMJPWG_ATVPDKIKX0DER.png,/content/abo_500_annot_pack_extracted/abo_500_annot_pack/panels/B07TDMJPWG_ATVPDKIKX0DER.png
B07TF7YLJC,APJ6JRA9NG5V4,B07TF7YLJC_APJ6JRA9NG5V4.png,/content/abo_500_annot_pack_extracted/abo_500_annot_pack/panels/B07TF7YLJC_APJ6JRA9NG5V4.png
B07TFQM3JZ,ATVPDKIKX0DER,B07TFQM3JZ_ATVPDKIKX0DER.png,/content/abo_500_annot_pack_extracted/abo_500_annot_pack/panels/B07TFQM3JZ_ATVPDKIKX0DER.png
B07TGQHR9H,ATVPDKIKX0DER,B07TGQHR9H_ATVPDKIKX0DER.png,/content/abo_500_annot_pack_extracted/abo_500_annot_pack/panels/B07TGQHR9H_ATVPDKIKX0DER.png
B07W6NTK71,ATVPDKIKX0DER,B07W6NTK71_ATVPDKIKX0DER.png,/content/abo_500_annot_pack_extracted/abo_500_annot_pack/panels/B07W6NTK71_ATVPDKIKX0DER.png
B07WBYQQ84,ATVPDKIKX0DER,B07WBYQQ84_ATVPDKIKX0DER.png,/content/abo_500_annot_pack_extracted/abo_500_annot_pack/panels/B07WBYQQ84_ATVPDKIKX0DER.png
B07WBYQQ8F,ATVPDKIKX0DER,B07WBYQQ8F_ATVPDKIKX0DER.png,/content/abo_500_annot_pack_extracted/abo_500_annot_pack/panels/B07WBYQQ8F_ATVPDKIKX0DER.png
B07WFNW44K,ATVPDKIKX0DER,B07WFNW44K_ATVPDKIKX0DER.png,/content/abo_500_annot_pack_extracted/abo_500_annot_pack/panels/B07WFNW44K_ATVPDKIKX0DER.png
B07WQ4P35G,,B07WQ4P35G.png,/content/abo_500_annot_pack_extracted/abo_500_annot_pack/panels/B07WQ4P35G.png
B07XHQQ95Y,ATVPDKIKX0DER,B07XHQQ95Y_ATVPDKIKX0DER.png,/content/abo_500_annot_pack_extracted/abo_500_annot_pack/panels/B07XHQQ95Y_ATVPDKIKX0DER.png
B07XKGLMR8,ATVPDKIKX0DER,B07XKGLMR8_ATVPDKIKX0DER.png,/content/abo_500_annot_pack_extracted/abo_500_annot_pack/panels/B07XKGLMR8_ATVPDKIKX0DER.png
B07XMRCXJ7,ATVPDKIKX0DER,B07XMRCXJ7_ATVPDKIKX0DER.png,/content/abo_500_annot_pack_extracted/abo_500_annot_pack/panels/B07XMRCXJ7_ATVPDKIKX0DER.png
B07Y2B3ZXV,ATVPDKIKX0DER,B07Y2B3ZXV_ATVPDKIKX0DER.png,/content/abo_500_annot_pack_extracted/abo_500_annot_pack/panels/B07Y2B3ZXV_ATVPDKIKX0DER.png
B07Y2B738L,ATVPDKIKX0DER,B07Y2B738L_ATVPDKIKX0DER.png,/content/abo_500_annot_pack_extracted/abo_500_annot_pack/panels/B07Y2B738L_ATVPDKIKX0DER.png
B07Y2C57KD,ATVPDKIKX0DER,B07Y2C57KD_ATVPDKIKX0DER.png,/content/abo_500_annot_pack_extracted/abo_500_annot_pack/panels/B07Y2C57KD_ATVPDKIKX0DER.png
B07Y3P85T1,,B07Y3P85T1.png,/content/abo_500_annot_pack_extracted/abo_500_annot_pack/panels/B07Y3P85T1.png
B07Y3Q62Y7,,B07Y3Q62Y7.png,/content/abo_500_annot_pack_extracted/abo_500_annot_pack/panels/B07Y3Q62Y7.png
B07Y3Q8JWL,,B07Y3Q8JWL.png,/content/abo_500_annot_pack_extracted/abo_500_annot_pack/panels/B07Y3Q8JWL.png
B07Y3QSCQ8,,B07Y3QSCQ8.png,/content/abo_500_annot_pack_extracted/abo_500_annot_pack/panels/B07Y3QSCQ8.png
B07Y3QXV1Q,,B07Y3QXV1Q.png,/content/abo_500_annot_pack_extracted/abo_500_annot_pack/panels/B07Y3QXV1Q.png
B07YPLBD42,ATVPDKIKX0DER,B07YPLBD42_ATVPDKIKX0DER.png,/content/abo_500_annot_pack_extracted/abo_500_annot_pack/panels/B07YPLBD42_ATVPDKIKX0DER.png
B07YPLQ7KW,ATVPDKIKX0DER,B07YPLQ7KW_ATVPDKIKX0DER.png,/content/abo_500_annot_pack_extracted/abo_500_annot_pack/panels/B07YPLQ7KW_ATVPDKIKX0DER.png
B07YPV3KSY,ATVPDKIKX0DER,B07YPV3KSY_ATVPDKIKX0DER.png,/content/abo_500_annot_pack_extracted/abo_500_annot_pack/panels/B07YPV3KSY_ATVPDKIKX0DER.png
B07YPV3KTC,ATVPDKIKX0DER,B07YPV3KTC_ATVPDKIKX0DER.png,/content/abo_500_annot_pack_extracted/abo_500_annot_pack/panels/B07YPV3KTC_ATVPDKIKX0DER.png
B07YPV7SN6,ATVPDKIKX0DER,B07YPV7SN6_ATVPDKIKX0DER.png,/content/abo_500_annot_pack_extracted/abo_500_annot_pack/panels/B07YPV7SN6_ATVPDKIKX0DER.png
B07YPXCY4Q,ATVPDKIKX0DER,B07YPXCY4Q_ATVPDKIKX0DER.png,/content/abo_500_annot_pack_extracted/abo_500_annot_pack/panels/B07YPXCY4Q_ATVPDKIKX0DER.png
B07ZT3QBG3,ATVPDKIKX0DER,B07ZT3QBG3_ATVPDKIKX0DER.png,/content/abo_500_annot_pack_extracted/abo_500_annot_pack/panels/B07ZT3QBG3_ATVPDKIKX0DER.png
B07ZVM8FJH,ATVPDKIKX0DER,B07ZVM8FJH_ATVPDKIKX0DER.png,/content/abo_500_annot_pack_extracted/abo_500_annot_pack/panels/B07ZVM8FJH_ATVPDKIKX0DER.png
B0825CXG81,ATVPDKIKX0DER,B0825CXG81_ATVPDKIKX0DER.png,/content/abo_500_annot_pack_extracted/abo_500_annot_pack/panels/B0825CXG81_ATVPDKIKX0DER.png
B0828DTSRD,ATVPDKIKX0DER,B0828DTSRD_ATVPDKIKX0DER.png,/content/abo_500_annot_pack_extracted/abo_500_annot_pack/panels/B0828DTSRD_ATVPDKIKX0DER.png
B082L28P18,ATVPDKIKX0DER,B082L28P18_ATVPDKIKX0DER.png,/content/abo_500_annot_pack_extracted/abo_500_annot_pack/panels/B082L28P18_ATVPDKIKX0DER.png
B082Q8RSQ7,ATVPDKIKX0DER,B082Q8RSQ7_ATVPDKIKX0DER.png,/content/abo_500_annot_pack_extracted/abo_500_annot_pack/panels/B082Q8RSQ7_ATVPDKIKX0DER.png
B082Q91XSS,ATVPDKIKX0DER,B082Q91XSS_ATVPDKIKX0DER.png,/content/abo_500_annot_pack_extracted/abo_500_annot_pack/panels/B082Q91XSS_ATVPDKIKX0DER.png
B082Q985HZ,ATVPDKIKX0DER,B082Q985HZ_ATVPDKIKX0DER.png,/content/abo_500_annot_pack_extracted/abo_500_annot_pack/panels/B082Q985HZ_ATVPDKIKX0DER.png
B082QB8SZB,ATVPDKIKX0DER,B082QB8SZB_ATVPDKIKX0DER.png,/content/abo_500_annot_pack_extracted/abo_500_annot_pack/panels/B082QB8SZB_ATVPDKIKX0DER.png
B082QBBY8X,ATVPDKIKX0DER,B082QBBY8X_ATVPDKIKX0DER.png,/content/abo_500_annot_pack_extracted/abo_500_annot_pack/panels/B082QBBY8X_ATVPDKIKX0DER.png
B082XM1MZT,ATVPDKIKX0DER,B082XM1MZT_ATVPDKIKX0DER.png,/content/abo_500_annot_pack_extracted/abo_500_annot_pack/panels/B082XM1MZT_ATVPDKIKX0DER.png
B085W6V8CN,,B085W6V8CN.png,/content/abo_500_annot_pack_extracted/abo_500_annot_pack/panels/B085W6V8CN.png
