image_name,method,iou,dice,precision,recall,mask_area,area_ratio,dino_score,sam_score,inference_time
00/0004bef1.jpg,carpet,0.0,0.0,0.0,0.0,7354,0.112213134765625,0.6192629933357239,0.9794760942459106,707.1248911000002
00/00a98975.jpg,area_rug,0.0,0.0,0.0,0.0,26184,0.3995361328125,0.6778730154037476,0.9926183819770813,0.2918014000006224
04/04351089.jpg,carpet,0.005870768773455207,0.011673008015958036,0.4876543209876543,0.005907204546304258,648,0.0098876953125,0.2920167148113251,0.9292102456092834,0.42778480000015406
04/048bd865.jpg,area_rug,0.0,0.0,0.0,0.0,732,0.014892578125,0.26938873529434204,0.9736302495002747,0.31354819999978645
07/07cd3c4b.jpg,rug,0.9270939301458121,0.9621678690832307,0.9880227155394941,0.9376316691979815,19370,0.295562744140625,0.27797654271125793,0.9336392879486084,0.24570889999995416
09/097bb159.jpg,rug,0.0,0.0,0.0,0.0,585,0.0089263916015625,0.43586885929107666,0.9695337414741516,0.244175499999983
0a/0adc8403.jpg,rug,0.38906128782001553,0.5601787210276459,0.38906128782001553,1.0,61872,0.9477941176470588,0.2983638346195221,0.9798405170440674,0.24882870000146795
0b/0b802d13.jpg,carpet,0.8980126665210745,0.9462662524450581,0.9105178988805511,0.9849363921860861,40645,0.6201934814453125,0.6276181936264038,0.965949535369873,0.4343840999990789
0c/0c789496.jpg,area_rug,0.0,0.0,0.0,0.0,4914,0.074981689453125,0.39357349276542664,0.9783373475074768,0.24170960000083141
0c/0cbfca58.jpg,area_rug,0.8650906928337794,0.9276660874001562,0.8714653726335969,0.9916152561436995,33384,0.8811233108108109,0.41146591305732727,1.0028021335601807,0.36087920000136364
0d/0dc8bb97.jpg,rug,0.0,0.0,0.0,0.0,33129,0.5055084228515625,0.6794256567955017,0.9762154817581177,0.25759710000056657
0e/0eaddd3d.jpg,carpet,0.0,0.0,0.0,0.0,41532,0.63372802734375,0.847622275352478,0.9858273863792419,0.44059240000024147
11/115c92fe.jpg,area_rug,0.0,0.0,0.0,0.0,0,0.0,-1.0,-1.0,0.24494740000045567
11/1191417b.jpg,area_rug,0.961439399514313,0.9803406618143619,0.991049078358492,0.9698611832826071,13183,0.2011566162109375,0.7328317165374756,0.9843900203704834,0.30353680000007444
12/126f9fb9.jpg,area_rug,0.04225501871384825,0.08108383832200934,0.042314408620469354,0.9678519240136386,46958,0.716522216796875,0.31385236978530884,0.9637289047241211,0.436674699998548
13/139d7518.jpg,rug,0.0,0.0,0.0,0.0,2034,0.031036376953125,0.2964708209037781,0.995135486125946,0.2477366000002803
13/13b61d5c.jpg,rug,0.13919160160933627,0.24436907963980822,0.13919160160933627,1.0,37531,0.7839864639037433,0.30529019236564636,0.9240947365760803,0.3134805999998207
17/1788b0de.jpg,rug,0.9747835905156191,0.9872307985515533,0.9927175162897662,0.9818043972706596,2609,0.03996629901960784,0.2642363905906677,0.9677717089653015,0.43689570000060485
18/18fd2995.jpg,area_rug,0.4639937878044793,0.6338739845342117,0.9995597816516992,0.4640886236356947,11358,0.173309326171875,0.33652666211128235,0.9210203886032104,0.2504081999995833
1b/1beafe81.jpg,area_rug,0.8151404616724739,0.8981568962673026,1.0,0.8151404616724739,29945,0.6962658110119048,0.4539000689983368,0.9895035028457642,0.35236540000005334
1d/1de38477.jpg,carpet,0.0,0.0,0.0,0.0,9387,0.1432342529296875,0.6282321214675903,0.9055424928665161,0.4345130000001518
1f/1f2efb1c.jpg,carpet,0.06440663492944516,0.12101885278780586,0.06440663492944516,1.0,46843,0.9431982925257731,0.5510419607162476,0.9809538125991821,0.48784729999897536
1f/1f9d4b5e.jpg,rug,0.0,0.0,0.0,0.0,0,0.0,0.34710490703582764,0.966985821723938,0.24237730000095326
1f/1fe12cbe.jpg,area_rug,0.9117917543449459,0.9538609550676309,0.9352775645945255,0.9731977972615502,62544,0.954345703125,0.779990017414093,0.9602808952331543,0.24112779999995837
20/204b09e4.jpg,carpet,0.0,0.0,0.0,0.0,24693,0.3767852783203125,0.6474795937538147,0.9876221418380737,0.4410608999987744
20/20dc9925.jpg,carpet,0.9989849544048067,0.9994922194922194,0.9996559633027523,0.9993285293154275,61040,0.931396484375,0.37436094880104065,0.9907248616218567,0.43804610000006505
21/2156a065.jpg,area_rug,0.9071514785757393,0.9513156021074949,0.9113313932339032,0.9949693860665233,32988,0.50335693359375,0.7836345434188843,0.9809554815292358,0.24399949999860837
22/22daf266.jpg,carpet,0.004872929005172801,0.00969859743360191,0.005539457985341742,0.038922155688622756,11734,0.2141866238317757,0.29913750290870667,0.9792306423187256,0.46132610000131535
23/236fe5cb.jpg,rug,0.0,0.0,0.0,0.0,20942,0.319549560546875,0.7446632385253906,1.0002626180648804,0.24537140000029467
23/237122ba.jpg,area_rug,0.0,0.0,0.0,0.0,0,0.0,-1.0,-1.0,0.23785289999977977
25/256d9dac.jpg,rug,0.0,0.0,0.0,0.0,2740,0.054607780612244895,0.6774266362190247,0.9811911582946777,0.302713600000061
26/26f44697.jpg,area_rug,0.0,0.0,0.0,0.0,0,0.0,-1.0,-1.0,0.24014610000085668
27/27df8881.jpg,rug,0.0,0.0,0.0,0.0,2326,0.035491943359375,0.2723976969718933,0.9645292162895203,0.43217360000016924
28/28215d4c.jpg,area_rug,0.8953390700539451,0.9447798382887364,0.9604917999959951,0.9295736434108527,49939,0.7620086669921875,0.5635296106338501,0.9821510314941406,0.2497445000008156
2b/2b1a39bf.jpg,area_rug,0.5700495137676771,0.7261548234867048,0.7664822664463443,0.6898588209936416,41757,0.6371612548828125,0.7940505146980286,0.9621903896331787,0.24930610000046727
2c/2cc8fc8f.jpg,rug,0.0,0.0,0.0,0.0,25218,0.384796142578125,0.7537705302238464,0.9762953519821167,0.24384370000007038
2e/2e3b78ed.jpg,area_rug,0.15833485152122426,0.2733835579811579,0.15833485152122426,1.0,54890,0.837554931640625,0.3389247953891754,0.9720293283462524,0.24270520000027318
2e/2e4dc35f.jpg,area_rug,0.7568902610159978,0.8616249720438353,0.9920784794604537,0.7614924136892436,40775,0.6221771240234375,0.7249463796615601,0.9747958779335022,0.2477011000009952
2e/2ef410af.jpg,area_rug,0.28186626030835427,0.4397748330477955,0.9814294631710362,0.28337764159870227,6408,0.0977783203125,0.7179023027420044,0.9736722111701965,0.25116849999903934
30/300958b4.jpg,area_rug,0.4657792504570384,0.6355380597887516,0.46579255577455936,0.9999386766419329,35007,0.5341644287109375,0.4727400541305542,0.9627866744995117,0.24910120000095048
30/300f359a.jpg,rug,0.7967519371616602,0.8868802873481734,0.9876319044235679,0.8047818162324435,38001,0.5798492431640625,0.25570598244667053,0.9922279119491577,0.4458537999998953
30/30366fa9.jpg,rug,0.7674385841331337,0.8684189550037862,0.9650766232615821,0.7893602376467179,45156,0.68902587890625,0.8600155711174011,0.957897424697876,0.24354180000045744
31/31347f65.jpg,rug,0.0,0.0,0.0,0.0,13923,0.2124481201171875,0.599795401096344,0.9711623191833496,0.24017040000035195
31/31a48655.jpg,area_rug,0.0,0.0,0.0,0.0,525,0.0080108642578125,0.36133530735969543,0.9938175082206726,0.25214620000042487
31/31be17e1.jpg,carpet,0.9045323741007194,0.9498734559740113,0.9732930794240594,0.9275544079675396,12918,0.197113037109375,0.7669385075569153,0.9962996244430542,0.42839379999895755
31/31c513f5.jpg,carpet,0.0,0.0,0.0,0.0,1148,0.01751708984375,0.5747619271278381,0.9742608666419983,0.43636309999965306
33/336f1651.jpg,area_rug,0.0,0.0,0.0,0.0,47879,0.7305755615234375,0.7737259268760681,0.9769234657287598,0.24657219999971858
34/3489b1a0.jpg,area_rug,0.5997488974020538,0.7498037953031614,0.5998840803709428,0.9996244030691634,31056,0.885492700729927,0.3740476667881012,0.9659186005592346,0.3293130000001838
34/348b756e.jpg,carpet,0.3863989582895787,0.5574138035508696,0.9599290410101221,0.3927336378773001,9583,0.1462249755859375,0.7560939788818359,0.9642145037651062,0.4344574000006105
38/385b4be9.jpg,area_rug,0.03222499242724328,0.06243792325056433,0.032319125070106564,0.9171087533156499,42792,0.6529541015625,0.36429888010025024,0.9702077507972717,0.45603640000081214
38/3860a41b.jpg,area_rug,0.0,0.0,0.0,0.0,2721,0.0415191650390625,0.3743334114551544,0.9630053043365479,0.2426316000000952
39/390f58df.jpg,carpet,0.0,0.0,0.0,0.0,5232,0.079833984375,0.6976919770240784,0.9659387469291687,0.466373699999167
39/39a52159.jpg,area_rug,0.36757939625182356,0.5375620563738563,0.9968804686905577,0.36800269640198857,13143,0.2005462646484375,0.7467937469482422,0.9645349383354187,0.24830309999924793
3a/3a076e29.jpg,carpet,0.9700902659185167,0.9848180895064022,0.9941497074853742,0.9756600255177151,19999,0.3051605224609375,0.700355589389801,1.0005730390548706,0.44099150000147347
3c/3ca993cf.jpg,carpet,0.00016621419469222673,0.00033237314424994463,0.003676470588235294,0.00017405430494314225,816,0.017907303370786515,0.36735859513282776,0.9633323550224304,0.5029194999988249
3d/3d172f30.jpg,area_rug,0.6693771862081497,0.8019484053553935,0.6744478773315025,0.9888929901681152,43695,0.6667327880859375,0.7829199433326721,0.9746263027191162,0.25239979999969364
3d/3d68d6f3.jpg,area_rug,0.21798341710701552,0.3579415188176784,0.582415059687787,0.25836346046132697,8712,0.1329345703125,0.6603882908821106,0.9486693739891052,0.23995469999863417
41/4141f557.jpg,area_rug,0.0,0.0,0.0,0.0,0,0.0,-1.0,-1.0,0.2376966000010725
41/41c3d695.jpg,carpet,0.0,0.0,0.0,0.0,43094,0.657562255859375,0.8150215744972229,0.9842347502708435,0.43771469999956025
43/432bf992.jpg,carpet,0.0,0.0,0.0,0.0,3721,0.0567779541015625,0.27835971117019653,0.7939271330833435,0.44119659999887517
45/4514df74.jpg,area_rug,0.03222499242724328,0.06243792325056433,0.032319125070106564,0.9171087533156499,42792,0.6529541015625,0.3624825179576874,0.970187783241272,0.4430929999998625
45/457c5eb9.jpg,area_rug,0.03239166036785084,0.06275072070285688,0.03239166036785084,1.0,63504,0.968994140625,0.7672911286354065,1.02324378490448,0.25663799999892944
45/4595acf0.jpg,rug,0.0,0.0,0.0,0.0,9376,0.19075520833333334,0.6561580300331116,0.9883323907852173,0.30128359999980603
49/495ccaba.jpg,area_rug,0.0,0.0,0.0,0.0,14002,0.213653564453125,0.7272200584411621,0.9509842395782471,0.24525549999998475
4a/4a03d9a1.jpg,rug,0.9936465324384788,0.9968131424211141,0.9982020855807263,0.9954280591662932,11124,0.16973876953125,0.378761887550354,0.9640530347824097,0.24882090000028256
4a/4a9e8983.jpg,carpet,0.05734054778778012,0.10846183456739805,0.05734054778778012,1.0,41768,0.9270241477272727,0.6150172352790833,0.982596755027771,0.5358431000004202
4a/4afb9a74.jpg,rug,0.9917031001589826,0.9958342687520267,0.9996494391025641,0.9920481089409076,19968,0.3046875,0.763225257396698,1.0060675144195557,0.25726639999993495
4b/4b867235.jpg,carpet,0.9989766106003334,0.9994880433346545,0.9990095904656575,0.999966954711432,60581,0.9280177696078431,0.4420735836029053,0.9698742628097534,0.45212029999856895
4e/4e931073.jpg,carpet,0.9765368028652877,0.988129137236049,0.9873623531150691,0.9888971132494448,13531,0.2064666748046875,0.7594602108001709,0.9943327307701111,0.4323868000010407
4f/4f4b1fd2.jpg,area_rug,0.34057007125890737,0.5080973811970658,0.9719360086767896,0.34395240608357724,7376,0.112548828125,0.7408966422080994,0.977457582950592,0.24456459999964864
4f/4f6c66b2.jpg,rug,0.29158422675194406,0.4515140719629498,0.7012282837224743,0.3329480376188725,9037,0.1378936767578125,0.6334614157676697,0.9542860984802246,0.2536331999999675
4f/4fc37199.jpg,carpet,0.0,0.0,0.0,0.0,13014,0.198577880859375,0.7504051327705383,0.996392548084259,0.4392734000011842
51/51b9a3f7.jpg,area_rug,0.0002531300504312947,0.0005061319836480436,0.00028179394359785834,0.0024823372159633377,46133,0.7039337158203125,0.808519184589386,0.9684018492698669,0.2600602999991679
52/526208f0.jpg,area_rug,0.8997517719891138,0.9472308806397783,0.9383089542463275,0.9563241043898407,32063,0.4892425537109375,0.7583193182945251,0.9780985116958618,0.24912810000023455
52/52f369b0.jpg,area_rug,0.9466108631526926,0.9725732873180214,0.9744054432150578,0.9707480084255872,62904,0.9598388671875,0.7538610100746155,0.970412015914917,0.25435209999886865
53/532dbe40.jpg,area_rug,0.0,0.0,0.0,0.0,7575,0.1155853271484375,0.7446856498718262,0.9746879935264587,0.24967389999983425
53/53a28fe3.jpg,carpet,0.0,0.0,0.0,0.0,1126,0.017181396484375,0.4473811686038971,0.9773143529891968,0.43960690000130853
53/53ef1692.jpg,area_rug,0.0,0.0,0.0,0.0,31455,0.4799652099609375,0.6356796622276306,0.9707199335098267,0.24782800000139105
53/53f1e699.jpg,carpet,0.8023460212291258,0.8903351651443254,0.8180815496501568,0.9765882159315339,29013,0.94443359375,0.32678428292274475,0.9967384338378906,0.524459600001137
53/53ff91f5.jpg,carpet,0.986543128171189,0.9932259855635758,0.98719646799117,0.9993296089385475,13590,0.207366943359375,0.41077733039855957,0.9974329471588135,0.4328539999987697
54/540e2795.jpg,rug,0.9783483658229076,0.989055701942521,0.9783483658229076,1.0,41244,0.9533099112426036,0.302812784910202,0.9963207244873047,0.3365343999994366
54/54e4b681.jpg,rug,0.8891155471368206,0.9413035094485153,0.9508787117998442,0.931919226200577,57755,0.8812713623046875,0.8473856449127197,0.939591646194458,0.2436613000008947
55/559b24ac.jpg,rug,0.9977573904179409,0.9988774364731094,0.999387380028589,0.9983680130558955,9794,0.149444580078125,0.7603598237037659,1.0045242309570312,0.2545855999997002
57/5732943c.jpg,area_rug,0.6766827436083487,0.8071684952778556,0.6768560816291679,0.9996216897856242,23423,0.8883115898058253,0.49136680364608765,0.9891616106033325,0.2607649000001402
57/57a4d0bc.jpg,area_rug,0.27273467173087357,0.42858056402276556,0.33733767323244185,0.5874824684431977,29801,0.5678544207317073,0.49095481634140015,0.9875151515007019,0.303134300000238
58/5804e80e.jpg,area_rug,0.0,0.0,0.0,0.0,13587,0.2073211669921875,0.4916667640209198,0.9763733148574829,0.24979309999980615
5a/5a3584c9.jpg,area_rug,0.230404719307577,0.3745185883832429,0.230404719307577,1.0,62043,0.9467010498046875,0.4388250708580017,0.967566728591919,0.2452556000007462
5a/5a377982.jpg,carpet,0.8943767572633552,0.9442438034928017,0.983307573415765,0.9081652074609821,29115,0.4442596435546875,0.7417925000190735,0.9707984328269958,0.4409121000007872
5a/5ac117ff.jpg,carpet,0.30904113386699933,0.47216412971542027,0.5864018937401367,0.39517880090397484,15208,0.2320556640625,0.7167611122131348,0.9427629113197327,0.4412854000001971
5b/5be2fcea.jpg,rug,0.9920207558253378,0.9959943970707492,0.9995067817509248,0.9925066118131061,20275,0.3093719482421875,0.7439518570899963,0.9998403787612915,0.24561030000040773
5d/5d00c75b.jpg,carpet,0.0,0.0,0.0,0.0,14630,0.223236083984375,0.7815122008323669,0.9891406893730164,0.4381128999993962
5d/5dfc4822.jpg,carpet,0.0,0.0,0.0,0.0,5170,0.078887939453125,0.502047598361969,0.9751176238059998,0.4467058000009274
5e/5e23eace.jpg,carpet,0.3249611316705717,0.4905217578131456,0.8059960895068433,0.3525359306330918,18412,0.28094482421875,0.3216054141521454,0.9849458932876587,0.4319818000003579
5f/5f491e9a.jpg,carpet,0.0,0.0,0.0,0.0,44224,0.6748046875,0.7205522060394287,0.9857896566390991,0.43597609999960696
60/600ead9b.jpg,area_rug,0.0019571173835515156,0.003906589113638337,0.0030405405405405407,0.005462490895848507,14800,0.225830078125,0.6379050016403198,0.9690398573875427,0.24657400000069174
60/60ab5605.jpg,rug,0.0,0.0,0.0,0.0,9364,0.14288330078125,0.6001874208450317,0.9864582419395447,0.25452749999931257
61/61c044c8.jpg,carpet,0.9690089265278096,0.9842605723850929,1.0,0.9690089265278096,63504,0.968994140625,0.47520318627357483,1.0213923454284668,0.43200480000086827
63/635dadab.jpg,carpet,0.0,0.0,0.0,0.0,7199,0.12899584288990826,0.3362864851951599,0.9981110692024231,0.47242259999984526
63/63e02681.jpg,rug,0.3496871859703718,0.518175158814982,0.34999351112841476,0.9975033519811365,61644,0.94061279296875,0.315826416015625,0.951931357383728,0.24224859999958426
66/66505074.jpg,area_rug,0.30380939561179165,0.46603345034069793,0.8469043151969982,0.32146417889189577,5330,0.081329345703125,0.6540924906730652,0.9588338732719421,0.2451729999993404
67/67017248.jpg,area_rug,0.8163183048310013,0.8988714177022572,1.0,0.8163183048310013,28354,0.432647705078125,0.3026988208293915,1.0025205612182617,0.4393731000000116
67/670a016a.jpg,area_rug,0.0,0.0,0.0,0.0,0,0.0,-1.0,-1.0,0.23541060000025027
67/67aa53dd.jpg,area_rug,0.9712507409602845,0.9854157269583521,0.974234466356159,0.9968566213749747,10091,0.1539764404296875,0.552620530128479,0.9745975732803345,0.25008320000051754
6a/6ae4b0c3.jpg,rug,0.9877947159452968,0.9938598870613765,0.998513526905163,0.9892494231996466,40364,0.7691310975609756,0.46182531118392944,0.9915847778320312,0.2923568999995041
6b/6b8442fb.jpg,rug,0.005664698083644691,0.011265580057526366,0.006688487263412551,0.03568716780561883,14054,0.214447021484375,0.5850731134414673,0.9702619314193726,0.24777150000045367
6c/6cac28b0.jpg,area_rug,0.0,0.0,0.0,0.0,9485,0.1447296142578125,0.63224196434021,0.9707624316215515,0.24920700000075158
71/71d43e9a.jpg,carpet,5.090353779587681e-05,0.00010180189351521938,6.81663258350375e-05,0.00020096463022508038,14670,0.223846435546875,0.39207085967063904,0.9605490565299988,0.4378066999997827
74/74946bc6.jpg,area_rug,0.0016428068528514432,0.0032802249297094657,0.0018364669873196327,0.015339663988312637,11435,0.20584317396313365,0.6499102115631104,0.9901001453399658,0.27396670000052836
76/76798de2.jpg,carpet,0.998195163036939,0.9990967664237972,0.9986758155772241,0.9995180722891567,41535,0.9324488146551724,0.5450953841209412,1.0034003257751465,0.5443770000001678
77/7749d6d2.jpg,rug,0.00027791435962118134,0.0005556742893780722,0.0017141350210970465,0.00033158190072948016,7584,0.1551047120418848,0.40736863017082214,0.9286223649978638,0.31363260000034643
7c/7ce8cda2.jpg,area_rug,0.0,0.0,0.0,0.0,668,0.01019287109375,0.5431169271469116,0.9818168878555298,0.32282200000008743
7d/7dce32c8.jpg,carpet,0.7180962506644986,0.8359208634402927,0.9835742584859193,0.7268123625199792,46695,0.7125091552734375,0.7361230254173279,0.9781706929206848,0.4370268999991822
7f/7fed406b.jpg,area_rug,0.822787979966611,0.902779685854284,0.84018070235254,0.9754576942107868,35196,0.53704833984375,0.2644376754760742,0.9899437427520752,0.4421058999996603
80/803370c5.jpg,rug,0.7925007867154027,0.8842403781228899,0.978598116873412,0.8064786303731987,33455,0.5104827880859375,0.7856897115707397,0.9842113852500916,0.2547577999994246
80/80c2ac19.jpg,rug,0.9765973254086181,0.9881601202781433,0.991701244813278,0.9846441947565543,2651,0.0404510498046875,0.2755182683467865,0.9728029370307922,0.44726319999972475
82/825d0f45.jpg,rug,0.014712362301101591,0.028998094135244023,0.014712362301101591,1.0,40850,0.9170707614942529,0.527653157711029,1.005429744720459,0.3484554000006028
83/8328b6ae.jpg,rug,0.9934415990006246,0.9967100109666301,0.9950842382803772,0.9983411047345767,22377,0.3414459228515625,0.553337037563324,1.0121228694915771,0.24846830000024056
83/835c08ac.jpg,rug,0.0,0.0,0.0,0.0,3310,0.050506591796875,0.6641741394996643,0.974940299987793,0.2491824999997334
84/84009590.jpg,carpet,0.984637397394382,0.9922592395841239,0.9893311138014528,0.9952047495813671,13216,0.20166015625,0.7096076011657715,1.000368595123291,0.4413413000002038
84/84b21542.jpg,carpet,0.0,0.0,0.0,0.0,25786,0.393463134765625,0.7080239057540894,0.9303916096687317,0.447673600001508
84/84d46503.jpg,area_rug,0.8891404764061226,0.9413174801035574,0.9105834338187552,0.9741986702391585,53905,0.8225250244140625,0.7401388883590698,0.9837867617607117,0.2504669999998441
85/851a6e6d.jpg,rug,0.32706780325997786,0.4929179993012068,0.4558900295806508,0.5364926137194675,40229,0.6138458251953125,0.8375517725944519,0.9559378027915955,0.25023569999939355
85/8593e7dc.jpg,rug,0.0,0.0,0.0,0.0,2395,0.038658961776859506,0.28432103991508484,0.9866570830345154,0.251056699999026
85/859bc76b.jpg,rug,0.38403869028986415,0.5549536916622375,0.3863851095993953,0.9844332998996991,63504,0.968994140625,0.7016339302062988,1.0021251440048218,0.24987660000078904
86/864071d3.jpg,carpet,0.0,0.0,0.0,0.0,17245,0.2631378173828125,0.7195242643356323,0.969562292098999,0.4690255999994406
87/87d53cae.jpg,area_rug,0.7564219462348687,0.8613214471116839,0.7611845852053407,0.9917961825452447,31606,0.4958270582329317,0.2840108573436737,0.9181196093559265,0.2713328999998339
87/87e4547c.jpg,area_rug,0.9816685969886977,0.9907495112759225,0.9973220806621764,0.984263004044368,24646,0.376068115234375,0.8017727732658386,1.007357120513916,0.25315709999995306
88/8858684e.jpg,area_rug,0.3318208719668574,0.4982965486594579,0.3318208719668574,1.0,40552,0.9263523391812866,0.5302539467811584,1.00096595287323,0.3517018000002281
88/88b19c9c.jpg,rug,0.0,0.0,0.0,0.0,7655,0.12305491255144033,0.6756946444511414,0.8563823103904724,0.2601679999988846
88/88bc7d39.jpg,rug,0.11305260111424643,0.2031397276302532,0.14980465473023177,0.3154494523797507,41721,0.6366119384765625,0.7935551404953003,0.9775954484939575,0.2497226999985287
89/89d183a2.jpg,area_rug,0.02716801602537351,0.05289887457847479,0.10559610705596106,0.035288378143972246,6165,0.11981110074626866,0.3940219581127167,0.9358470439910889,0.299607200000537
8a/8ac9fb4f.jpg,carpet,0.0,0.0,0.0,0.0,7209,0.1100006103515625,0.5956358909606934,0.9542474150657654,0.4392213000010088
8d/8d6b4b99.jpg,carpet,0.04445880672154568,0.0851327145416056,0.3550665580005433,0.048364416814683245,3681,0.0561676025390625,0.4449089467525482,0.9815621972084045,0.43634209999981977
8d/8d6bf2d4.jpg,area_rug,0.7513130512337727,0.8579997170745508,0.9481418179544365,0.7835095938544214,47977,0.7320709228515625,0.7881371378898621,0.9532471895217896,0.318442400001004
8f/8f80ecaa.jpg,area_rug,0.9866870798109565,0.9932989345305904,0.9880682575656579,0.9985852869846402,15002,0.228912353515625,0.7599570155143738,0.9958128333091736,0.25051600000006147
91/911bac33.jpg,area_rug,0.0,0.0,0.0,0.0,7107,0.1084442138671875,0.5885977745056152,0.9856911897659302,0.24252209999940533
92/92eb000d.jpg,area_rug,0.5544748082960218,0.7133918225459361,0.9992580226303098,0.5547031869433147,21564,0.32904052734375,0.7545286417007446,0.9845988154411316,0.24602890000096522
94/946e88ab.jpg,area_rug,0.0,0.0,0.0,0.0,0,0.0,-1.0,-1.0,0.24076509999940754
95/95f8c680.jpg,carpet,0.028973912497843035,0.05631612647498247,0.029084782060972536,0.8837320574162679,63504,0.968994140625,0.7573016881942749,1.021026372909546,0.43601159999889205
97/97fe7082.jpg,area_rug,0.001430615164520744,0.002857142857142857,0.002312219730941704,0.0037381060262800182,14272,0.2177734375,0.4219079315662384,0.981234073638916,0.2721572999998898
98/981c0c34.jpg,rug,0.9961587708066582,0.9980756895445798,0.9993577392421323,0.9967969250480462,1557,0.0237579345703125,0.4570441246032715,0.9867912530899048,0.2520297999999457
99/99f8d9dd.jpg,area_rug,0.0,0.0,0.0,0.0,31495,0.4805755615234375,0.6355074048042297,0.9786987900733948,0.25049220000073547
9d/9daa134c.jpg,rug,0.8857903539611565,0.9394367216912829,0.8868498393821338,0.9986531209112599,29262,0.446502685546875,0.3587333559989929,0.966419517993927,0.2480118000003131
9f/9f36c4be.jpg,area_rug,0.9807131132591647,0.9902626550954168,0.9897386342720412,0.9907872311023078,21732,0.33160400390625,0.7328701019287109,0.9840508699417114,0.2529751000001852
9f/9f6cf147.jpg,rug,0.0,0.0,0.0,0.0,2572,0.04257150423728814,0.3735692501068115,1.0071063041687012,0.27359900000010384
9f/9fcee137.jpg,rug,0.7011059735066233,0.8242942937427684,0.706758629377677,0.9887209763404855,63504,0.968994140625,0.8840150237083435,1.0146070718765259,0.24909570000090753
a0/a0a83e62.jpg,carpet,0.0,0.0,0.0,0.0,23154,0.353302001953125,0.7037631869316101,0.9897068738937378,0.4496911000005639
a2/a2c10d4f.jpg,area_rug,0.0005372252316783811,0.0010738735513893239,0.0007986157327299348,0.0016386726751331422,15026,0.229278564453125,0.6943532824516296,0.975014865398407,0.2434471000015037
a3/a354be65.jpg,rug,0.08782064997741483,0.1614616342854645,0.19605137458868485,0.13724688835221996,18842,0.287506103515625,0.4395339787006378,0.9896238446235657,0.24534199999834527
a3/a355c9b0.jpg,rug,0.0,0.0,0.0,0.0,0,0.0,0.35990390181541443,0.9839105010032654,0.30267649999950663
a5/a51dd9b7.jpg,rug,0.00040759761962990136,0.0008148631029986962,0.001157273463719477,0.0006288121738036848,8641,0.1318511962890625,0.5249438285827637,0.9485609531402588,0.25433850000081293
aa/aa95b8aa.jpg,area_rug,0.9864022662889519,0.9931545921277809,0.9892748064493216,0.9970649294867205,14079,0.2148284912109375,0.49616700410842896,0.9927338361740112,0.24407780000001367
ab/ab14547f.jpg,carpet,0.6223527386122324,0.7672224711681328,0.6249111550800085,0.9934646510917697,52057,0.7974417892156863,0.34254735708236694,0.9635224342346191,0.44642000000021653
ab/ab784771.jpg,area_rug,0.890573267933783,0.9421198141737135,0.9149187452758881,0.970987850326721,63504,0.968994140625,0.42136573791503906,0.9804210662841797,0.25068629999987024
ae/ae216eed.jpg,area_rug,0.0,0.0,0.0,0.0,40853,0.6233673095703125,0.6787057518959045,0.9890449643135071,0.25321790000089095
b4/b44ec23f.jpg,rug,0.4283788338388945,0.5998112317130722,0.9785819276265136,0.43243326838019236,14287,0.2180023193359375,0.808517336845398,0.9760374426841736,0.24278419999973266
b5/b5269505.jpg,rug,0.000605766900896535,0.001210800339024095,0.001984126984126984,0.0008712319219376198,2520,0.07291666666666667,0.7000719308853149,0.9758421778678894,0.3295402000003378
b5/b5514d9c.jpg,rug,0.5034914269911505,0.669762950359828,0.9994510395937694,0.5036307053941909,14573,0.2223663330078125,0.7723122835159302,0.9791033267974854,0.25686270000005607
b5/b5b256c0.jpg,carpet,0.9831049235008339,0.9914804928882226,0.9996313499963135,0.9834614826635717,13563,0.27169471153846153,0.3757525384426117,0.9935035109519958,0.5200344000004407
b8/b82adf94.jpg,carpet,0.5044298190102519,0.6705926891852101,0.9567304807057553,0.5162063271055273,16663,0.2542572021484375,0.41260358691215515,0.9561418294906616,0.4700393000002805
b8/b8ce6cbf.jpg,area_rug,0.0,0.0,0.0,0.0,33414,0.509857177734375,0.5340977311134338,0.9660160541534424,0.2602311999999074
b9/b9e5f582.jpg,carpet,0.7336024464831804,0.8463329617137777,1.0,0.7336024464831804,29986,0.6930935650887574,0.4386861324310303,0.9972197413444519,0.5739115999986097
ba/ba64b33e.jpg,area_rug,0.0,0.0,0.0,0.0,0,0.0,-1.0,-1.0,0.26572140000098443
ba/ba9fccc8.jpg,rug,0.0,0.0,0.0,0.0,9357,0.1427764892578125,0.5450019836425781,0.9911308288574219,0.2539575999999215
ba/baf91bee.jpg,area_rug,0.0376001001001001,0.07247512812782635,0.0376001001001001,1.0,31968,0.904891304347826,0.40535321831703186,0.9797083735466003,0.32418690000122297
bb/bb09f081.jpg,area_rug,0.0,0.0,0.0,0.0,2906,0.045045882936507936,0.6155379414558411,0.9368948340415955,0.2529095000008965
bc/bc80fc9f.jpg,area_rug,0.0,0.0,0.0,0.0,48796,0.74456787109375,0.7276996970176697,0.9821595549583435,0.2512458000001061
bc/bcb7af0e.jpg,area_rug,0.0,0.0,0.0,0.0,39639,0.6072150735294117,0.3063746392726898,0.9468396902084351,0.2560068000002502
bc/bce574bc.jpg,carpet,0.0,0.0,0.0,0.0,12837,0.1966452205882353,0.6842958331108093,0.909331738948822,0.43888179999885324
bd/bd22a06a.jpg,area_rug,0.0,0.0,0.0,0.0,0,0.0,-1.0,-1.0,0.24254770000152348
bd/bd3c9e15.jpg,area_rug,0.7985497737175928,0.8879929656514256,0.9824681238615665,0.8100935281267068,48312,0.7371826171875,0.7576054930686951,0.9892175793647766,0.2506267000007938
bd/bdd29338.jpg,carpet,0.0,0.0,0.0,0.0,8384,0.1279296875,0.3684313893318176,0.9796679019927979,0.45565150000038557
be/be8260a5.jpg,carpet,0.0,0.0,0.0,0.0,1057,0.0161285400390625,0.5593578219413757,0.9709663391113281,0.46924179999950866
bf/bfd81f8b.jpg,area_rug,0.0,0.0,0.0,0.0,0,0.0,-1.0,-1.0,0.23715860000083921
c0/c094b465.jpg,rug,0.0,0.0,0.0,0.0,0,0.0,0.25401023030281067,0.9667866826057434,0.25050950000149896
c1/c12cd74a.jpg,area_rug,0.004832778847837506,0.009619070853518279,0.05229253505115574,0.005296691486911798,2639,0.0402679443359375,0.4622437357902527,0.9596617817878723,0.24570550000134972
c2/c2764f4b.jpg,area_rug,0.0,0.0,0.0,0.0,2422,0.036956787109375,0.2661999464035034,1.0129860639572144,0.25142760000017006
c3/c339ab63.jpg,rug,0.0,0.0,0.0,0.0,15182,0.231658935546875,0.40073201060295105,0.9934275150299072,0.2437616999995953
c7/c7a55c2e.jpg,rug,0.007255655142979087,0.01440677966101695,0.0332753371030883,0.00919360653767576,9196,0.14031982421875,0.3518069386482239,0.9545615315437317,0.2538347999998223
c8/c81d7d33.jpg,rug,0.13867864641828215,0.24357819803593636,0.13867864641828215,1.0,61437,0.9374542236328125,0.37039491534233093,0.9385619163513184,0.2557622000003903
c8/c8e096a3.jpg,area_rug,0.0,0.0,0.0,0.0,0,0.0,-1.0,-1.0,0.30127400000128546
cb/cbc47d7c.jpg,carpet,0.0,0.0,0.0,0.0,21497,0.3280181884765625,0.7351588606834412,0.990583062171936,0.44291379999958735
cc/ccbf4a5b.jpg,carpet,0.9426860564585116,0.9704975781594012,0.9426860564585116,1.0,42084,0.9613486842105263,0.3691210448741913,0.9828082323074341,0.540267500000482
d0/d09968ca.jpg,area_rug,0.4246908127208481,0.5961866377305844,0.9741641337386018,0.429528702255975,3948,0.08074280104712042,0.34059759974479675,0.9503880739212036,0.5010934000001726
d1/d124f682.jpg,rug,0.9049993193574735,0.9501308584852572,0.9466723625424965,0.9536147170623251,56181,0.8572540283203125,0.36976689100265503,0.9361478090286255,0.2553711000000476
d2/d224d5b5.jpg,area_rug,0.0037042214145932345,0.007381101594596476,0.004127083008877122,0.03489137590520079,51368,0.7838134765625,0.7612980008125305,0.975767970085144,0.24856160000126692
d5/d50c75a0.jpg,rug,0.9604029662795579,0.9798015844693455,0.9969498910675382,0.9632332304238002,6885,0.1050567626953125,0.3880993127822876,0.998543381690979,0.25246640000113985
d5/d584c562.jpg,carpet,0.06421833731606087,0.12068639500803631,0.09500948978452607,0.16538187471659002,26871,0.4100189208984375,0.6505657434463501,0.9814791679382324,0.44240720000016154
d7/d7f87110.jpg,area_rug,0.9360972970187328,0.9669940642551039,0.9884904222899434,0.9464127546501329,36752,0.560791015625,0.8005532026290894,0.9736191034317017,0.24568309999995108
db/db84a9ff.jpg,rug,0.9722707000193911,0.9859404188378724,1.0,0.9722707000193911,5014,0.07680759803921569,0.3698190152645111,1.0051202774047852,0.24383250000028056
dc/dc134e63.jpg,area_rug,0.0008366609621601065,0.0016719230915377894,0.001990409843481408,0.001441299790356394,11053,0.19536552601809956,0.4727229177951813,0.9901532530784607,0.281861100000242
dc/dceae0cd.jpg,area_rug,0.004288519169163997,0.008540412615115501,0.0048823529411764705,0.034058268362741076,51000,0.7781982421875,0.7306238412857056,0.9830778241157532,0.24725949999992736
dd/dd06513d.jpg,rug,0.0,0.0,0.0,0.0,1107,0.0168914794921875,0.610093355178833,0.9772670865058899,0.24837420000039856
dd/dda4ed8d.jpg,rug,0.0,0.0,0.0,0.0,4284,0.06536865234375,0.35115480422973633,0.9837356805801392,0.2542599999997037
e0/e0cfa227.jpg,area_rug,0.2987623442149295,0.4600723843676329,0.9239797279274473,0.30629117113930765,7498,0.114410400390625,0.7242948412895203,0.819034993648529,0.2577495000005001
e5/e5722224.jpg,area_rug,0.0,0.0,0.0,0.0,2077,0.0316925048828125,0.6550453901290894,0.9954574704170227,0.2455258000009053
e6/e63956e3.jpg,area_rug,0.8471881550193997,0.9172732650080276,0.8904122430804565,0.9458053273587255,42669,0.6510772705078125,0.7884061336517334,0.986983597278595,0.2522956000011618
e9/e9c4028d.jpg,carpet,0.6741373233795777,0.805354870195114,0.9952226663197975,0.6763259402121504,42283,0.6451873779296875,0.4631381332874298,1.0037117004394531,0.43887809999978344
ea/ea1ff0a4.jpg,area_rug,0.9235328242838552,0.9602464929369666,0.9667793716968125,0.9538013116346854,60926,0.929656982421875,0.7611637115478516,0.9510127305984497,0.24135690000002796
eb/ebdd8b5e.jpg,rug,0.1913672124176058,0.3212564697483491,0.9466210886142519,0.1934547799451878,3803,0.06403219288793104,0.5944961905479431,0.9879606366157532,0.26541419999921345
ef/efe63626.jpg,rug,0.0,0.0,0.0,0.0,42284,0.64520263671875,0.8044295310974121,0.9822403788566589,0.24293779999970866
ef/effd7df5.jpg,carpet,0.6801874887326482,0.809656652360515,0.8121546961325967,0.8071739285459603,41811,0.6379852294921875,0.7676355838775635,0.9833763837814331,0.4461838000006537
f1/f10cbde6.jpg,area_rug,0.0,0.0,0.0,0.0,0,0.0,-1.0,-1.0,0.2396631999999954
f1/f12d8c6f.jpg,area_rug,0.0,0.0,0.0,0.0,0,0.0,-1.0,-1.0,0.23677459999998973
f2/f2a70afe.jpg,area_rug,0.0,0.0,0.0,0.0,31883,0.4864959716796875,0.646906852722168,0.9773610830307007,0.2547692999996798
f4/f4094c37.jpg,area_rug,0.017032947835505397,0.03349537076798873,0.9908536585365854,0.01703562629951252,984,0.0150146484375,0.3356875777244568,0.9732392430305481,0.44070490000012796
f4/f42db37d.jpg,area_rug,0.5672035858286089,0.7238416131222901,0.5740652511651994,0.9793617697989186,48275,0.7366180419921875,0.6995988488197327,0.9695602059364319,0.2534049000005325
f5/f54cda07.jpg,area_rug,0.4923019406586684,0.6597886489933498,0.9847712284995581,0.49607863282989145,14709,0.2244415283203125,0.779715895652771,0.9935535788536072,0.2532485000010638
f5/f55fd10e.jpg,rug,0.0,0.0,0.0,0.0,21357,0.3258819580078125,0.759016215801239,0.9997313618659973,0.2419423999999708
f5/f5e5e60c.jpg,area_rug,0.990338403606996,0.9951457519105823,0.9988506321523162,0.991468253968254,20011,0.3053436279296875,0.7210475206375122,1.0014967918395996,0.2433904999998049
f6/f6ac4355.jpg,rug,0.0,0.0,0.0,0.0,2052,0.03131103515625,0.346180260181427,0.9981715083122253,0.27413200000046345
f7/f7334160.jpg,area_rug,0.0,0.0,0.0,0.0,3901,0.0595245361328125,0.6444639563560486,0.9730967879295349,0.27674060000026657
f8/f851c788.jpg,rug,0.9763683915561367,0.9880429131811522,0.9965678329678711,0.9796626054358013,41956,0.8404647435897435,0.3706492483615875,0.9811707735061646,0.2973199999996723
f8/f863c15b.jpg,rug,0.30590567561614335,0.46849582068293416,0.30704792787481267,0.9879851395146628,40707,0.9298930921052632,0.6302978992462158,1.000167727470398,0.3462042000010115
f8/f8b05ebd.jpg,carpet,0.0,0.0,0.0,0.0,42526,0.648895263671875,0.8104174733161926,0.9870916604995728,0.4471044999991136
f9/f943d2bb.jpg,area_rug,0.0,0.0,0.0,0.0,11674,0.3280687949640288,0.48940882086753845,0.9792535901069641,0.32957249999890337
fb/fbeafab7.jpg,area_rug,0.0,0.0,0.0,0.0,0,0.0,-1.0,-1.0,0.24263740000060352
fd/fd8fa433.jpg,area_rug,0.0,0.0,0.0,0.0,13211,0.2015838623046875,0.4782849848270416,0.9932658076286316,0.2453549000001658
fd/fdcc6da8.jpg,rug,0.0,0.0,0.0,0.0,42390,0.646820068359375,0.6625199913978577,0.9765172600746155,0.24799910000001546
fd/fdd2c1f3.jpg,area_rug,0.5477321071743194,0.7077867088695459,0.5497757073844031,0.9932593025521138,46368,0.9634308510638298,0.48852288722991943,0.9891810417175293,0.31866919999993115
