image_name,main_object_iou,best_class_method,best_class_iou,winner
00/0004bef1.jpg,0.17371195009142734,carpet,0.0,main_object
00/00a98975.jpg,0.0,area_rug,0.0,tie
04/04351089.jpg,0.14870713779336592,carpet,0.005870768773455207,main_object
04/048bd865.jpg,0.0,area_rug,0.0,tie
07/07cd3c4b.jpg,0.0,rug,0.9270939301458121,best_class
09/097bb159.jpg,0.0,rug,0.0,tie
0a/0adc8403.jpg,0.3929352616630211,rug,0.38906128782001553,main_object
0b/0b802d13.jpg,0.9763272871706606,carpet,0.8980126665210745,main_object
0c/0c789496.jpg,0.0,area_rug,0.0,tie
0c/0cbfca58.jpg,0.690412079484645,area_rug,0.8650906928337794,best_class
0d/0dc8bb97.jpg,0.0,rug,0.0,tie
0e/0eaddd3d.jpg,0.0,carpet,0.0,tie
11/115c92fe.jpg,0.004017544506284324,area_rug,0.0,main_object
11/1191417b.jpg,0.96765419392781,area_rug,0.961439399514313,main_object
12/126f9fb9.jpg,0.0,area_rug,0.04225501871384825,best_class
13/139d7518.jpg,0.07375341752375993,rug,0.0,main_object
13/13b61d5c.jpg,0.9963747376454875,rug,0.13919160160933627,main_object
17/1788b0de.jpg,0.5674753601213041,rug,0.9747835905156191,best_class
18/18fd2995.jpg,0.4127522440440035,area_rug,0.4639937878044793,best_class
1b/1beafe81.jpg,0.9156986888678399,area_rug,0.8151404616724739,main_object
1d/1de38477.jpg,0.0,carpet,0.0,tie
1f/1f2efb1c.jpg,0.06485522044755906,carpet,0.06440663492944516,main_object
1f/1f9d4b5e.jpg,0.26876775328012986,rug,0.0,main_object
1f/1fe12cbe.jpg,0.6487879239780616,area_rug,0.9117917543449459,best_class
20/204b09e4.jpg,0.0,carpet,0.0,tie
20/20dc9925.jpg,0.9958402662229617,carpet,0.9989849544048067,best_class
21/2156a065.jpg,0.0,area_rug,0.9071514785757393,best_class
22/22daf266.jpg,0.0,carpet,0.004872929005172801,best_class
23/236fe5cb.jpg,0.0,rug,0.0,tie
23/237122ba.jpg,0.0,area_rug,0.0,tie
25/256d9dac.jpg,0.05343276223345248,rug,0.0,main_object
26/26f44697.jpg,0.44061969263907874,area_rug,0.0,main_object
27/27df8881.jpg,0.9966525041843698,rug,0.0,main_object
28/28215d4c.jpg,0.8397754089022703,area_rug,0.8953390700539451,best_class
2b/2b1a39bf.jpg,0.0,area_rug,0.5700495137676771,best_class
2c/2cc8fc8f.jpg,0.0,rug,0.0,tie
2e/2e3b78ed.jpg,0.9932269544254391,area_rug,0.15833485152122426,main_object
2e/2e4dc35f.jpg,0.7549472664256699,area_rug,0.7568902610159978,best_class
2e/2ef410af.jpg,0.02748366749267853,area_rug,0.28186626030835427,best_class
30/300958b4.jpg,0.2658851151945998,area_rug,0.4657792504570384,best_class
30/300f359a.jpg,0.7868434581441179,rug,0.7967519371616602,best_class
30/30366fa9.jpg,0.16290845924420702,rug,0.7674385841331337,best_class
31/31347f65.jpg,0.0,rug,0.0,tie
31/31a48655.jpg,0.0,area_rug,0.0,tie
31/31be17e1.jpg,0.9036014664653871,carpet,0.9045323741007194,best_class
31/31c513f5.jpg,0.03512642117766842,carpet,0.0,main_object
33/336f1651.jpg,0.0,area_rug,0.0,tie
34/3489b1a0.jpg,0.5998449762619901,area_rug,0.5997488974020538,main_object
34/348b756e.jpg,0.026213550783418006,carpet,0.3863989582895787,best_class
38/385b4be9.jpg,0.0,area_rug,0.03222499242724328,best_class
38/3860a41b.jpg,0.0,area_rug,0.0,tie
39/390f58df.jpg,0.03565958261535516,carpet,0.0,main_object
39/39a52159.jpg,0.0,area_rug,0.36757939625182356,best_class
3a/3a076e29.jpg,0.9696659351377713,carpet,0.9700902659185167,best_class
3c/3ca993cf.jpg,0.6945121243763778,carpet,0.00016621419469222673,main_object
3d/3d172f30.jpg,0.9580686994978884,area_rug,0.6693771862081497,main_object
3d/3d68d6f3.jpg,0.26765439641566113,area_rug,0.21798341710701552,main_object
41/4141f557.jpg,0.0,area_rug,0.0,tie
41/41c3d695.jpg,0.0,carpet,0.0,tie
43/432bf992.jpg,0.0,carpet,0.0,tie
45/4514df74.jpg,0.0,area_rug,0.03222499242724328,best_class
45/457c5eb9.jpg,0.0,area_rug,0.03239166036785084,best_class
45/4595acf0.jpg,0.0,rug,0.0,tie
49/495ccaba.jpg,0.15823475887170155,area_rug,0.0,main_object
4a/4a03d9a1.jpg,0.9897036440146835,rug,0.9936465324384788,best_class
4a/4a9e8983.jpg,0.0,carpet,0.05734054778778012,best_class
4a/4afb9a74.jpg,0.9909181141439206,rug,0.9917031001589826,best_class
4b/4b867235.jpg,0.9957711483718098,carpet,0.9989766106003334,best_class
4e/4e931073.jpg,0.9762338703798207,carpet,0.9765368028652877,best_class
4f/4f4b1fd2.jpg,0.029408942621377856,area_rug,0.34057007125890737,best_class
4f/4f6c66b2.jpg,0.6403356936795175,rug,0.29158422675194406,main_object
4f/4fc37199.jpg,0.0,carpet,0.0,tie
51/51b9a3f7.jpg,0.0,area_rug,0.0002531300504312947,best_class
52/526208f0.jpg,0.0,area_rug,0.8997517719891138,best_class
52/52f369b0.jpg,0.0,area_rug,0.9466108631526926,best_class
53/532dbe40.jpg,0.0,area_rug,0.0,tie
53/53a28fe3.jpg,0.8944980147475894,carpet,0.0,main_object
53/53ef1692.jpg,0.20919685960891404,area_rug,0.0,main_object
53/53f1e699.jpg,0.010033102412722247,carpet,0.8023460212291258,best_class
53/53ff91f5.jpg,0.22720733833161272,carpet,0.986543128171189,best_class
54/540e2795.jpg,0.9923271770405528,rug,0.9783483658229076,main_object
54/54e4b681.jpg,0.0,rug,0.8891155471368206,best_class
55/559b24ac.jpg,0.997758076021604,rug,0.9977573904179409,main_object
57/5732943c.jpg,0.9570204032355427,area_rug,0.6766827436083487,main_object
57/57a4d0bc.jpg,0.39158258864226003,area_rug,0.27273467173087357,main_object
58/5804e80e.jpg,0.0,area_rug,0.0,tie
5a/5a3584c9.jpg,0.4277719482336481,area_rug,0.230404719307577,main_object
5a/5a377982.jpg,0.8964610084559975,carpet,0.8943767572633552,main_object
5a/5ac117ff.jpg,0.026885768702662002,carpet,0.30904113386699933,best_class
5b/5be2fcea.jpg,0.9903672192068848,rug,0.9920207558253378,best_class
5d/5d00c75b.jpg,0.0,carpet,0.0,tie
5d/5dfc4822.jpg,0.9928124584054306,carpet,0.0,main_object
5e/5e23eace.jpg,0.08098691025520294,carpet,0.3249611316705717,best_class
5f/5f491e9a.jpg,0.0,carpet,0.0,tie
60/600ead9b.jpg,0.0,area_rug,0.0019571173835515156,best_class
60/60ab5605.jpg,0.10448352344740178,rug,0.0,main_object
61/61c044c8.jpg,0.9690089265278096,carpet,0.9690089265278096,tie
63/635dadab.jpg,0.11008874166768903,carpet,0.0,main_object
63/63e02681.jpg,0.0,rug,0.3496871859703718,best_class
66/66505074.jpg,0.0,area_rug,0.30380939561179165,best_class
67/67017248.jpg,0.0,area_rug,0.8163183048310013,best_class
67/670a016a.jpg,0.0,area_rug,0.0,tie
67/67aa53dd.jpg,0.9674708325093929,area_rug,0.9712507409602845,best_class
6a/6ae4b0c3.jpg,0.910550924984753,rug,0.9877947159452968,best_class
6b/6b8442fb.jpg,0.0,rug,0.005664698083644691,best_class
6c/6cac28b0.jpg,0.12815511702615878,area_rug,0.0,main_object
71/71d43e9a.jpg,0.0,carpet,5.090353779587681e-05,best_class
74/74946bc6.jpg,0.0,area_rug,0.0016428068528514432,best_class
76/76798de2.jpg,0.9983874461479217,carpet,0.998195163036939,main_object
77/7749d6d2.jpg,0.0002993051843933725,rug,0.00027791435962118134,main_object
7c/7ce8cda2.jpg,0.6567029774872912,area_rug,0.0,main_object
7d/7dce32c8.jpg,0.0,carpet,0.7180962506644986,best_class
7f/7fed406b.jpg,0.0,area_rug,0.822787979966611,best_class
80/803370c5.jpg,0.7793741629124559,rug,0.7925007867154027,best_class
80/80c2ac19.jpg,0.9707298999629492,rug,0.9765973254086181,best_class
82/825d0f45.jpg,0.0,rug,0.014712362301101591,best_class
83/8328b6ae.jpg,0.0,rug,0.9934415990006246,best_class
83/835c08ac.jpg,0.3925837195979376,rug,0.0,main_object
84/84009590.jpg,0.3163654812524159,carpet,0.984637397394382,best_class
84/84b21542.jpg,0.00022925263640531865,carpet,0.0,main_object
84/84d46503.jpg,0.0,area_rug,0.8891404764061226,best_class
85/851a6e6d.jpg,0.0,rug,0.32706780325997786,best_class
85/8593e7dc.jpg,0.027360330388895262,rug,0.0,main_object
85/859bc76b.jpg,0.0,rug,0.38403869028986415,best_class
86/864071d3.jpg,0.0,carpet,0.0,tie
87/87d53cae.jpg,0.0,area_rug,0.7564219462348687,best_class
87/87e4547c.jpg,0.977338014682413,area_rug,0.9816685969886977,best_class
88/8858684e.jpg,0.3283873486919172,area_rug,0.3318208719668574,best_class
88/88b19c9c.jpg,0.0,rug,0.0,tie
88/88bc7d39.jpg,0.14450225459590704,rug,0.11305260111424643,main_object
89/89d183a2.jpg,0.0,area_rug,0.02716801602537351,best_class
8a/8ac9fb4f.jpg,0.0,carpet,0.0,tie
8d/8d6b4b99.jpg,0.09128922439313203,carpet,0.04445880672154568,main_object
8d/8d6bf2d4.jpg,0.6665233763777362,area_rug,0.7513130512337727,best_class
8f/8f80ecaa.jpg,0.0,area_rug,0.9866870798109565,best_class
91/911bac33.jpg,0.0,area_rug,0.0,tie
92/92eb000d.jpg,0.56614981100054,area_rug,0.5544748082960218,main_object
94/946e88ab.jpg,0.0,area_rug,0.0,tie
95/95f8c680.jpg,0.028973912497843035,carpet,0.028973912497843035,tie
97/97fe7082.jpg,0.0,area_rug,0.001430615164520744,best_class
98/981c0c34.jpg,0.0,rug,0.9961587708066582,best_class
99/99f8d9dd.jpg,0.22888482632541132,area_rug,0.0,main_object
9d/9daa134c.jpg,0.08912491341491573,rug,0.8857903539611565,best_class
9f/9f36c4be.jpg,0.9635953608247423,area_rug,0.9807131132591647,best_class
9f/9f6cf147.jpg,0.0,rug,0.0,tie
9f/9fcee137.jpg,0.7011059735066233,rug,0.7011059735066233,tie
a0/a0a83e62.jpg,0.0,carpet,0.0,tie
a2/a2c10d4f.jpg,0.0,area_rug,0.0005372252316783811,best_class
a3/a354be65.jpg,0.0,rug,0.08782064997741483,best_class
a3/a355c9b0.jpg,0.0,rug,0.0,tie
a5/a51dd9b7.jpg,0.03133623597228184,rug,0.00040759761962990136,main_object
aa/aa95b8aa.jpg,0.22878996331236898,area_rug,0.9864022662889519,best_class
ab/ab14547f.jpg,0.0,carpet,0.6223527386122324,best_class
ab/ab784771.jpg,0.0,area_rug,0.890573267933783,best_class
ae/ae216eed.jpg,0.0,area_rug,0.0,tie
b4/b44ec23f.jpg,0.42784577723378214,rug,0.4283788338388945,best_class
b5/b5269505.jpg,0.0,rug,0.000605766900896535,best_class
b5/b5514d9c.jpg,0.0,rug,0.5034914269911505,best_class
b5/b5b256c0.jpg,0.00014580235033388739,carpet,0.9831049235008339,best_class
b8/b82adf94.jpg,0.5350670501403375,carpet,0.5044298190102519,main_object
b8/b8ce6cbf.jpg,0.0,area_rug,0.0,tie
b9/b9e5f582.jpg,0.9894124263393403,carpet,0.7336024464831804,main_object
ba/ba64b33e.jpg,0.0,area_rug,0.0,tie
ba/ba9fccc8.jpg,0.2389261744966443,rug,0.0,main_object
ba/baf91bee.jpg,0.978369384359401,area_rug,0.0376001001001001,main_object
bb/bb09f081.jpg,0.9883667061306429,area_rug,0.0,main_object
bc/bc80fc9f.jpg,0.0,area_rug,0.0,tie
bc/bcb7af0e.jpg,0.0,area_rug,0.0,tie
bc/bce574bc.jpg,0.9917687343605953,carpet,0.0,main_object
bd/bd22a06a.jpg,0.34959753552618505,area_rug,0.0,main_object
bd/bd3c9e15.jpg,0.0,area_rug,0.7985497737175928,best_class
bd/bdd29338.jpg,0.0,carpet,0.0,tie
be/be8260a5.jpg,0.9410476097750949,carpet,0.0,main_object
bf/bfd81f8b.jpg,0.0,area_rug,0.0,tie
c0/c094b465.jpg,0.23148246829372268,rug,0.0,main_object
c1/c12cd74a.jpg,0.0,area_rug,0.004832778847837506,best_class
c2/c2764f4b.jpg,0.0,area_rug,0.0,tie
c3/c339ab63.jpg,0.16916368032468374,rug,0.0,main_object
c7/c7a55c2e.jpg,0.0,rug,0.007255655142979087,best_class
c8/c81d7d33.jpg,0.13872832369942195,rug,0.13867864641828215,main_object
c8/c8e096a3.jpg,0.0,area_rug,0.0,tie
cb/cbc47d7c.jpg,0.0,carpet,0.0,tie
cc/ccbf4a5b.jpg,0.9714957390537761,carpet,0.9426860564585116,main_object
d0/d09968ca.jpg,0.0,area_rug,0.4246908127208481,best_class
d1/d124f682.jpg,0.937612457329275,rug,0.9049993193574735,main_object
d2/d224d5b5.jpg,0.0039791666666666664,area_rug,0.0037042214145932345,main_object
d5/d50c75a0.jpg,0.0,rug,0.9604029662795579,best_class
d5/d584c562.jpg,0.0,carpet,0.06421833731606087,best_class
d7/d7f87110.jpg,0.8529036956125978,area_rug,0.9360972970187328,best_class
db/db84a9ff.jpg,0.0,rug,0.9722707000193911,best_class
dc/dc134e63.jpg,0.8195099580712788,area_rug,0.0008366609621601065,main_object
dc/dceae0cd.jpg,0.0,area_rug,0.004288519169163997,best_class
dd/dd06513d.jpg,0.9702402040671722,rug,0.0,main_object
dd/dda4ed8d.jpg,0.5015665052691541,rug,0.0,main_object
e0/e0cfa227.jpg,0.0,area_rug,0.2987623442149295,best_class
e5/e5722224.jpg,0.0,area_rug,0.0,tie
e6/e63956e3.jpg,0.5570679073450802,area_rug,0.8471881550193997,best_class
e9/e9c4028d.jpg,0.0,carpet,0.6741373233795777,best_class
ea/ea1ff0a4.jpg,0.02058132944700834,area_rug,0.9235328242838552,best_class
eb/ebdd8b5e.jpg,0.0,rug,0.1913672124176058,best_class
ef/efe63626.jpg,0.0,rug,0.0,tie
ef/effd7df5.jpg,0.0,carpet,0.6801874887326482,best_class
f1/f10cbde6.jpg,0.0,area_rug,0.0,tie
f1/f12d8c6f.jpg,0.505767148439339,area_rug,0.0,main_object
f2/f2a70afe.jpg,0.0,area_rug,0.0,tie
f4/f4094c37.jpg,0.0,area_rug,0.017032947835505397,best_class
f4/f42db37d.jpg,0.04329436038514443,area_rug,0.5672035858286089,best_class
f5/f54cda07.jpg,0.33676452821070435,area_rug,0.4923019406586684,best_class
f5/f55fd10e.jpg,0.0,rug,0.0,tie
f5/f5e5e60c.jpg,0.9894992322551884,area_rug,0.990338403606996,best_class
f6/f6ac4355.jpg,0.0,rug,0.0,tie
f7/f7334160.jpg,0.10443654705949788,area_rug,0.0,main_object
f8/f851c788.jpg,0.9124142206640016,rug,0.9763683915561367,best_class
f8/f863c15b.jpg,0.30556370392099347,rug,0.30590567561614335,best_class
f8/f8b05ebd.jpg,0.0,carpet,0.0,tie
f9/f943d2bb.jpg,0.0,area_rug,0.0,tie
fb/fbeafab7.jpg,0.0,area_rug,0.0,tie
fd/fd8fa433.jpg,0.0,area_rug,0.0,tie
fd/fdcc6da8.jpg,0.0,rug,0.0,tie
fd/fdd2c1f3.jpg,0.5416397430537079,area_rug,0.5477321071743194,best_class
